{"usecase": "Musik", "volume": 52, "number_walls": 9, "persons": true, "wall1": {"name": "Wand 1", "area": 10, "category": "Wand", "material": "Mauerziegelwand, unverputzt, Fugen ausgestrichen", "number_subareas": 1, "subarea1": {"area": 3.0, "category": "Absorber", "material": "Nadelfilz 7 mm, auf massivem Untergrund"}}, "wall2": {"name": "Wand 2", "area": 1, "category": "Wand", "material": "Mauerziegelwand, unverputzt, Fugen ausgestrichen", "number_subareas": 1, "subarea1": {"area": 1.0, "category": "Wand", "material": "Mauerziegelwand, unverputzt, Fugen ausgestrichen"}}, "number_people": 2, "person_type1": {"amount": 1, "type": "Person sitzend auf ungepolsterter Bestuhlung"}, "person_type2": {"amount": 1, "type": "Person sitzend auf ungepolsterter Bestuhlung"}, "wall3": {"name": "Wand 3", "area": 1, "category": "Wand", "material": "Mauerziegelwand, unverputzt, Fugen ausgestrichen", "number_subareas": 0}, "wall4": {"name": "Wand 4", "area": 1, "category": "Wand", "material": "Mauerziegelwand, unverputzt, Fugen ausgestrichen", "number_subareas": 0}, "wall5": {"name": "Wand 5", "area": 1, "category": "Wand", "material": "Mauerziegelwand, unverputzt, Fugen ausgestrichen", "number_subareas": 0}, "wall6": {"name": "Wand 6", "area": 1, "category": "Wand", "material": "Mauerziegelwand, unverputzt, Fugen ausgestrichen", "number_subareas": 0}, "wall7": {"name": "Wand 7", "area": 1, "category": "Wand", "material": "Mauerziegelwand, unverputzt, Fugen ausgestrichen", "number_subareas": 0}, "wall8": {"name": "Wand 8", "area": 1, "category": "Wand", "material": "Mauerziegelwand, unverputzt, Fugen ausgestrichen", "number_subareas": 0}, "wall9": {"name": "Wand 9", "area": 1, "category": "Wand", "material": "Mauerziegelwand, unverputzt, Fugen ausgestrichen", "number_subareas": 0}}